time_s,phase,speed_kph,distance_m
0,low,0.0,0.0
1,low,0.0,0.0
2,low,1.6363636363636365,0.2272727272727273
3,low,3.272727272727273,0.9090909090909092
4,low,4.909090909090909,2.0454545454545454
5,low,6.545454545454546,3.6363636363636362
6,low,8.181818181818182,5.681818181818182
7,low,9.818181818181818,8.181818181818182
8,low,11.454545454545455,11.136363636363637
9,low,13.090909090909092,14.545454545454547
10,low,14.727272727272728,18.40909090909091
11,low,16.363636363636363,22.727272727272727
12,low,18.0,27.5
13,low,18.0,32.5
14,low,18.0,37.5
15,low,18.0,42.5
16,low,18.0,47.5
17,low,18.0,52.5
18,low,18.0,57.5
19,low,18.0,62.5
20,low,18.88888888888889,67.62345679012346
21,low,19.77777777777778,72.99382716049382
22,low,20.666666666666668,78.61111111111111
23,low,21.555555555555557,84.47530864197532
24,low,22.444444444444443,90.58641975308643
25,low,23.333333333333332,96.94444444444446
26,low,24.22222222222222,103.5493827160494
27,low,25.11111111111111,110.40123456790124
28,low,26.0,117.5
29,low,26.88888888888889,124.84567901234568
30,low,27.77777777777778,132.43827160493828
31,low,28.666666666666664,140.27777777777777
32,low,29.555555555555557,148.3641975308642
33,low,30.444444444444443,156.69753086419755
34,low,31.333333333333332,165.2777777777778
35,low,32.22222222222222,174.10493827160496
36,low,33.111111111111114,183.17901234567904
37,low,34.0,192.50000000000003
38,low,34.888888888888886,202.06790123456793
39,low,35.77777777777778,211.88271604938274
40,low,36.666666666666664,221.94444444444446
41,low,37.55555555555556,232.2530864197531
42,low,38.44444444444444,242.80864197530863
43,low,39.33333333333333,253.6111111111111
44,low,40.22222222222222,264.66049382716045
45,low,41.111111111111114,275.95679012345676
46,low,42.0,287.49999999999994
47,low,42.0,299.16666666666663
48,low,42.0,310.8333333333333
49,low,42.0,322.5
50,low,42.0,334.1666666666667
51,low,42.0,345.83333333333337
52,low,42.0,357.50000000000006
53,low,42.0,369.16666666666674
54,low,42.0,380.8333333333334
55,low,42.0,392.5000000000001
56,low,42.0,404.1666666666668
57,low,42.0,415.8333333333335
58,low,39.857142857142854,427.2023809523811
59,low,37.714285714285715,437.9761904761906
60,low,35.57142857142857,448.15476190476204
61,low,33.42857142857143,457.73809523809535
62,low,31.285714285714285,466.7261904761906
63,low,29.142857142857142,475.11904761904776
64,low,27.0,482.9166666666668
65,low,24.857142857142858,490.11904761904776
66,low,22.714285714285715,496.7261904761906
67,low,20.571428571428573,502.73809523809535
68,low,18.42857142857143,508.15476190476204
69,low,16.285714285714285,512.9761904761906
70,low,14.142857142857142,517.2023809523811
71,low,12.0,520.8333333333335
72,low,12.0,524.1666666666669
73,low,10.90909090909091,527.348484848485
74,low,9.818181818181818,530.2272727272729
75,low,8.727272727272727,532.8030303030305
76,low,7.636363636363637,535.0757575757577
77,low,6.545454545454546,537.0454545454547
78,low,5.454545454545455,538.7121212121214
79,low,4.363636363636364,540.0757575757577
80,low,3.2727272727272734,541.1363636363637
81,low,2.1818181818181834,541.8939393939395
82,low,1.0909090909090917,542.348484848485
83,low,0.0,542.5000000000001
84,low,0.0,542.5000000000001
85,low,0.0,542.5000000000001
86,low,0.0,542.5000000000001
87,low,0.0,542.5000000000001
88,low,0.0,542.5000000000001
89,low,0.0,542.5000000000001
90,low,0.0,542.5000000000001
91,low,0.0,542.5000000000001
92,low,0.0,542.5000000000001
93,low,0.0,542.5000000000001
94,low,0.0,542.5000000000001
95,low,0.0,542.5000000000001
96,low,0.0,542.5000000000001
97,low,1.8421052631578947,542.7558479532165
98,low,3.6842105263157894,543.5233918128656
99,low,5.526315789473684,544.8026315789475
100,low,7.368421052631579,546.5935672514621
101,low,9.210526315789473,548.8961988304095
102,low,11.052631578947368,551.7105263157896
103,low,12.894736842105264,555.0365497076025
104,low,14.736842105263158,558.8742690058481
105,low,16.57894736842105,563.2236842105265
106,low,18.421052631578945,568.0847953216376
107,low,20.263157894736842,573.4576023391814
108,low,22.105263157894736,579.342105263158
109,low,23.94736842105263,585.7383040935674
110,low,25.789473684210527,592.6461988304095
111,low,27.63157894736842,600.0657894736844
112,low,29.473684210526315,607.997076023392
113,low,31.31578947368421,616.4400584795324
114,low,33.1578947368421,625.3947368421054
115,low,35.0,634.8611111111113
116,low,35.0,644.5833333333335
117,low,35.0,654.3055555555557
118,low,35.0,664.0277777777778
119,low,35.0,673.75
120,low,35.0,683.4722222222222
121,low,35.0,693.1944444444443
122,low,35.0,702.9166666666665
123,low,35.0,712.6388888888887
124,low,35.0,722.3611111111109
125,low,35.0,732.083333333333
126,low,35.0,741.8055555555552
127,low,35.0,751.5277777777774
128,low,35.0,761.2499999999995
129,low,33.1578947368421,770.7163742690054
130,low,31.315789473684212,779.6710526315785
131,low,29.473684210526315,788.1140350877189
132,low,27.63157894736842,796.0453216374265
133,low,25.789473684210527,803.4649122807014
134,low,23.94736842105263,810.3728070175434
135,low,22.105263157894736,816.7690058479528
136,low,20.263157894736842,822.6535087719294
137,low,18.42105263157895,828.0263157894733
138,low,16.578947368421055,832.8874269005844
139,low,14.736842105263158,837.2368421052628
140,low,12.894736842105264,841.0745614035084
141,low,11.05263157894737,844.4005847953213
142,low,9.210526315789473,847.2149122807014
143,low,7.368421052631579,849.5175438596488
144,low,5.526315789473685,851.3084795321633
145,low,3.684210526315791,852.5877192982452
146,low,1.8421052631578974,853.3552631578943
147,low,0.0,853.6111111111107
148,low,0.0,853.6111111111107
149,low,0.0,853.6111111111107
150,low,0.0,853.6111111111107
151,low,0.0,853.6111111111107
152,low,0.0,853.6111111111107
153,low,0.0,853.6111111111107
154,low,0.0,853.6111111111107
155,low,0.0,853.6111111111107
156,low,0.0,853.6111111111107
157,low,0.0,853.6111111111107
158,low,0.0,853.6111111111107
159,low,0.0,853.6111111111107
160,low,0.0,853.6111111111107
161,low,1.6363636363636365,853.8383838383835
162,low,3.272727272727273,854.5202020202016
163,low,4.909090909090909,855.6565656565652
164,low,6.545454545454546,857.2474747474744
165,low,8.181818181818182,859.2929292929289
166,low,9.818181818181818,861.7929292929289
167,low,11.454545454545455,864.7474747474744
168,low,13.090909090909092,868.1565656565652
169,low,14.727272727272728,872.0202020202016
170,low,16.363636363636363,876.3383838383835
171,low,18.0,881.1111111111107
172,low,18.0,886.1111111111107
173,low,18.0,891.1111111111107
174,low,18.0,896.1111111111107
175,low,18.0,901.1111111111107
176,low,18.0,906.1111111111107
177,low,18.0,911.1111111111107
178,low,18.0,916.1111111111107
179,low,18.88888888888889,921.2345679012342
180,low,19.77777777777778,926.6049382716045
181,low,20.666666666666668,932.2222222222218
182,low,21.555555555555557,938.086419753086
183,low,22.444444444444443,944.1975308641971
184,low,23.333333333333332,950.5555555555551
185,low,24.22222222222222,957.16049382716
186,low,25.11111111111111,964.0123456790119
187,low,26.0,971.1111111111106
188,low,26.88888888888889,978.4567901234564
189,low,27.77777777777778,986.049382716049
190,low,28.666666666666664,993.8888888888885
191,low,29.555555555555557,1001.9753086419748
192,low,30.444444444444443,1010.3086419753082
193,low,31.333333333333332,1018.8888888888885
194,low,32.22222222222222,1027.7160493827157
195,low,33.111111111111114,1036.7901234567898
196,low,34.0,1046.1111111111109
197,low,34.888888888888886,1055.6790123456788
198,low,35.77777777777778,1065.4938271604935
199,low,36.666666666666664,1075.5555555555552
200,low,37.55555555555556,1085.8641975308637
201,low,38.44444444444444,1096.4197530864194
202,low,39.33333333333333,1107.222222222222
203,low,40.22222222222222,1118.2716049382714
204,low,41.111111111111114,1129.5679012345677
205,low,42.0,1141.1111111111109
206,low,42.0,1152.7777777777776
207,low,42.0,1164.4444444444443
208,low,42.0,1176.111111111111
209,low,42.0,1187.7777777777778
210,low,42.0,1199.4444444444446
211,low,42.0,1211.1111111111113
212,low,42.0,1222.777777777778
213,low,42.0,1234.4444444444448
214,low,42.0,1246.1111111111115
215,low,42.0,1257.7777777777783
216,low,42.0,1269.444444444445
217,low,39.857142857142854,1280.8134920634927
218,low,37.714285714285715,1291.5873015873024
219,low,35.57142857142857,1301.7658730158737
220,low,33.42857142857143,1311.349206349207
221,low,31.285714285714285,1320.3373015873021
222,low,29.142857142857142,1328.7301587301592
223,low,27.0,1336.5277777777783
224,low,24.857142857142858,1343.7301587301592
225,low,22.714285714285715,1350.3373015873021
226,low,20.571428571428573,1356.349206349207
227,low,18.42857142857143,1361.7658730158737
228,low,16.285714285714285,1366.5873015873024
229,low,14.142857142857142,1370.8134920634927
230,low,12.0,1374.444444444445
231,low,12.0,1377.7777777777783
232,low,10.90909090909091,1380.9595959595965
233,low,9.818181818181818,1383.8383838383845
234,low,8.727272727272727,1386.414141414142
235,low,7.636363636363637,1388.6868686868693
236,low,6.545454545454546,1390.6565656565663
237,low,5.454545454545455,1392.323232323233
238,low,4.363636363636364,1393.6868686868693
239,low,3.2727272727272734,1394.7474747474753
240,low,2.1818181818181834,1395.505050505051
241,low,1.0909090909090917,1395.9595959595965
242,low,0.0,1396.1111111111118
243,low,0.0,1396.1111111111118
244,low,0.0,1396.1111111111118
245,low,0.0,1396.1111111111118
246,low,0.0,1396.1111111111118
247,low,0.0,1396.1111111111118
248,low,0.0,1396.1111111111118
249,low,0.0,1396.1111111111118
250,low,0.0,1396.1111111111118
251,low,0.0,1396.1111111111118
252,low,0.0,1396.1111111111118
253,low,0.0,1396.1111111111118
254,low,0.0,1396.1111111111118
255,low,0.0,1396.1111111111118
256,low,1.8421052631578947,1396.366959064328
257,low,3.6842105263157894,1397.1345029239772
258,low,5.526315789473684,1398.413742690059
259,low,7.368421052631579,1400.2046783625738
260,low,9.210526315789473,1402.507309941521
261,low,11.052631578947368,1405.3216374269011
262,low,12.894736842105264,1408.647660818714
263,low,14.736842105263158,1412.4853801169597
264,low,16.57894736842105,1416.834795321638
265,low,18.421052631578945,1421.695906432749
266,low,20.263157894736842,1427.068713450293
267,low,22.105263157894736,1432.9532163742697
268,low,23.94736842105263,1439.349415204679
269,low,25.789473684210527,1446.257309941521
270,low,27.63157894736842,1453.676900584796
271,low,29.473684210526315,1461.6081871345036
272,low,31.31578947368421,1470.051169590644
273,low,33.1578947368421,1479.005847953217
274,low,35.0,1488.4722222222229
275,low,35.0,1498.194444444445
276,low,35.0,1507.9166666666672
277,low,35.0,1517.6388888888894
278,low,35.0,1527.3611111111115
279,low,35.0,1537.0833333333337
280,low,35.0,1546.8055555555559
281,low,35.0,1556.527777777778
282,low,35.0,1566.2500000000002
283,low,35.0,1575.9722222222224
284,low,35.0,1585.6944444444446
285,low,35.0,1595.4166666666667
286,low,35.0,1605.138888888889
287,low,35.0,1614.861111111111
288,low,33.1578947368421,1624.327485380117
289,low,31.315789473684212,1633.28216374269
290,low,29.473684210526315,1641.7251461988303
291,low,27.63157894736842,1649.656432748538
292,low,25.789473684210527,1657.076023391813
293,low,23.94736842105263,1663.983918128655
294,low,22.105263157894736,1670.3801169590643
295,low,20.263157894736842,1676.264619883041
296,low,18.42105263157895,1681.6374269005848
297,low,16.578947368421055,1686.498538011696
298,low,14.736842105263158,1690.8479532163742
299,low,12.894736842105264,1694.68567251462
300,low,11.05263157894737,1698.0116959064328
301,low,9.210526315789473,1700.826023391813
302,low,7.368421052631579,1703.1286549707602
303,low,5.526315789473685,1704.919590643275
304,low,3.684210526315791,1706.1988304093568
305,low,1.8421052631578974,1706.9663742690059
306,low,0.0,1707.2222222222222
307,low,0.0,1707.2222222222222
308,low,0.0,1707.2222222222222
309,low,0.0,1707.2222222222222
310,low,0.0,1707.2222222222222
311,low,0.0,1707.2222222222222
312,low,0.0,1707.2222222222222
313,low,0.0,1707.2222222222222
314,low,0.0,1707.2222222222222
315,low,0.0,1707.2222222222222
316,low,0.0,1707.2222222222222
317,low,0.0,1707.2222222222222
318,low,0.0,1707.2222222222222
319,low,0.0,1707.2222222222222
320,low,1.6363636363636365,1707.449494949495
321,low,3.272727272727273,1708.1313131313132
322,low,4.909090909090909,1709.267676767677
323,low,6.545454545454546,1710.858585858586
324,low,8.181818181818182,1712.9040404040404
325,low,9.818181818181818,1715.4040404040404
326,low,11.454545454545455,1718.358585858586
327,low,13.090909090909092,1721.767676767677
328,low,14.727272727272728,1725.6313131313132
329,low,16.363636363636363,1729.949494949495
330,low,18.0,1734.7222222222222
331,low,18.0,1739.7222222222222
332,low,18.0,1744.7222222222222
333,low,18.0,1749.7222222222222
334,low,18.0,1754.7222222222222
335,low,18.0,1759.7222222222222
336,low,18.0,1764.7222222222222
337,low,18.0,1769.7222222222222
338,low,18.88888888888889,1774.8456790123457
339,low,19.77777777777778,1780.2160493827162
340,low,20.666666666666668,1785.8333333333335
341,low,21.555555555555557,1791.6975308641977
342,low,22.444444444444443,1797.8086419753088
343,low,23.333333333333332,1804.1666666666667
344,low,24.22222222222222,1810.7716049382716
345,low,25.11111111111111,1817.6234567901236
346,low,26.0,1824.7222222222224
347,low,26.88888888888889,1832.0679012345681
348,low,27.77777777777778,1839.6604938271607
349,low,28.666666666666664,1847.5000000000002
350,low,29.555555555555557,1855.5864197530866
351,low,30.444444444444443,1863.9197530864199
352,low,31.333333333333332,1872.5
353,low,32.22222222222222,1881.3271604938273
354,low,33.111111111111114,1890.4012345679014
355,low,34.0,1899.7222222222224
356,low,34.888888888888886,1909.2901234567903
357,low,35.77777777777778,1919.104938271605
358,low,36.666666666666664,1929.1666666666667
359,low,37.55555555555556,1939.4753086419753
360,low,38.44444444444444,1950.030864197531
361,low,39.33333333333333,1960.8333333333335
362,low,40.22222222222222,1971.882716049383
363,low,41.111111111111114,1983.1790123456792
364,low,42.0,1994.7222222222224
365,low,42.0,2006.3888888888891
366,low,42.0,2018.0555555555559
367,low,42.0,2029.7222222222226
368,low,42.0,2041.3888888888894
369,low,42.0,2053.055555555556
370,low,42.0,2064.7222222222226
371,low,42.0,2076.388888888889
372,low,42.0,2088.0555555555557
373,low,42.0,2099.722222222222
374,low,42.0,2111.3888888888887
375,low,42.0,2123.055555555555
376,low,39.857142857142854,2134.424603174603
377,low,37.714285714285715,2145.1984126984125
378,low,35.57142857142857,2155.376984126984
379,low,33.42857142857143,2164.9603174603176
380,low,31.285714285714285,2173.948412698413
381,low,29.142857142857142,2182.3412698412703
382,low,27.0,2190.1388888888896
383,low,24.857142857142858,2197.3412698412703
384,low,22.714285714285715,2203.948412698413
385,low,20.571428571428573,2209.9603174603176
386,low,18.42857142857143,2215.376984126984
387,low,16.285714285714285,2220.1984126984125
388,low,14.142857142857142,2224.424603174603
389,low,12.0,2228.055555555555
390,low,12.0,2231.3888888888887
391,low,10.90909090909091,2234.5707070707067
392,low,9.818181818181818,2237.4494949494947
393,low,8.727272727272727,2240.025252525252
394,low,7.636363636363637,2242.2979797979797
395,low,6.545454545454546,2244.2676767676767
396,low,5.454545454545455,2245.934343434343
397,low,4.363636363636364,2247.2979797979797
398,low,3.2727272727272734,2248.3585858585857
399,low,2.1818181818181834,2249.1161616161617
400,low,1.0909090909090917,2249.570707070707
401,low,0.0,2249.722222222222
402,low,0.0,2249.722222222222
403,low,0.0,2249.722222222222
404,low,0.0,2249.722222222222
405,low,0.0,2249.722222222222
406,low,0.0,2249.722222222222
407,low,0.0,2249.722222222222
408,low,0.0,2249.722222222222
409,low,0.0,2249.722222222222
410,low,0.0,2249.722222222222
411,low,0.0,2249.722222222222
412,low,0.0,2249.722222222222
413,low,0.0,2249.722222222222
414,low,0.0,2249.722222222222
415,low,1.8421052631578947,2249.9780701754385
416,low,3.6842105263157894,2250.745614035088
417,low,5.526315789473684,2252.0248538011697
418,low,7.368421052631579,2253.815789473684
419,low,9.210526315789473,2256.1184210526317
420,low,11.052631578947368,2258.9327485380118
421,low,12.894736842105264,2262.2587719298244
422,low,14.736842105263158,2266.09649122807
423,low,16.57894736842105,2270.4459064327484
424,low,18.421052631578945,2275.3070175438597
425,low,20.263157894736842,2280.6798245614036
426,low,22.105263157894736,2286.56432748538
427,low,23.94736842105263,2292.9605263157896
428,low,25.789473684210527,2299.8684210526317
429,low,27.63157894736842,2307.2880116959063
430,low,29.473684210526315,2315.219298245614
431,low,31.31578947368421,2323.6622807017543
432,low,33.1578947368421,2332.6169590643276
433,low,35.0,2342.0833333333335
434,low,35.0,2351.8055555555557
435,low,35.0,2361.527777777778
436,low,35.0,2371.25
437,low,35.0,2380.972222222222
438,low,35.0,2390.6944444444443
439,low,35.0,2400.4166666666665
440,low,35.0,2410.1388888888887
441,low,35.0,2419.861111111111
442,low,35.0,2429.583333333333
443,low,35.0,2439.305555555555
444,low,35.0,2449.0277777777774
445,low,35.0,2458.7499999999995
446,low,35.0,2468.4722222222217
447,low,33.1578947368421,2477.9385964912276
448,low,31.315789473684212,2486.893274853801
449,low,29.473684210526315,2495.336257309941
450,low,27.63157894736842,2503.267543859649
451,low,25.789473684210527,2510.6871345029235
452,low,23.94736842105263,2517.5950292397656
453,low,22.105263157894736,2523.991228070175
454,low,20.263157894736842,2529.8757309941516
455,low,18.42105263157895,2535.2485380116955
456,low,16.578947368421055,2540.109649122807
457,low,14.736842105263158,2544.459064327485
458,low,12.894736842105264,2548.2967836257308
459,low,11.05263157894737,2551.6228070175434
460,low,9.210526315789473,2554.4371345029235
461,low,7.368421052631579,2556.739766081871
462,low,5.526315789473685,2558.5307017543855
463,low,3.684210526315791,2559.8099415204674
464,low,1.8421052631578974,2560.5774853801167
465,low,0.0,2560.833333333333
466,low,0.0,2560.833333333333
467,low,0.0,2560.833333333333
468,low,0.0,2560.833333333333
469,low,0.0,2560.833333333333
470,low,0.0,2560.833333333333
471,low,0.0,2560.833333333333
472,low,0.0,2560.833333333333
473,low,0.0,2560.833333333333
474,low,0.0,2560.833333333333
475,low,0.0,2560.833333333333
476,low,0.0,2560.833333333333
477,low,0.0,2560.833333333333
478,low,0.0,2560.833333333333
479,low,1.6363636363636365,2561.0606060606056
480,low,3.272727272727273,2561.7424242424236
481,low,4.909090909090909,2562.878787878787
482,low,6.545454545454546,2564.469696969696
483,low,8.181818181818182,2566.5151515151506
484,low,9.818181818181818,2569.0151515151506
485,low,11.454545454545455,2571.969696969696
486,low,13.090909090909092,2575.378787878787
487,low,14.727272727272728,2579.2424242424236
488,low,16.363636363636363,2583.5606060606056
489,low,18.0,2588.333333333333
490,low,18.0,2593.333333333333
491,low,18.0,2598.333333333333
492,low,18.0,2603.333333333333
493,low,18.0,2608.333333333333
494,low,18.0,2613.333333333333
495,low,18.0,2618.333333333333
496,low,18.0,2623.333333333333
497,low,18.88888888888889,2628.4567901234564
498,low,19.77777777777778,2633.827160493827
499,low,20.666666666666668,2639.444444444444
500,low,21.555555555555557,2645.308641975308
501,low,22.444444444444443,2651.4197530864194
502,low,23.333333333333332,2657.7777777777774
503,low,24.22222222222222,2664.3827160493825
504,low,25.11111111111111,2671.234567901234
505,low,26.0,2678.333333333333
506,low,26.88888888888889,2685.6790123456785
507,low,27.77777777777778,2693.271604938271
508,low,28.666666666666664,2701.111111111111
509,low,29.555555555555557,2709.1975308641972
510,low,30.444444444444443,2717.5308641975307
511,low,31.333333333333332,2726.111111111111
512,low,32.22222222222222,2734.938271604938
513,low,33.111111111111114,2744.012345679012
514,low,34.0,2753.333333333333
515,low,34.888888888888886,2762.901234567901
516,low,35.77777777777778,2772.716049382716
517,low,36.666666666666664,2782.777777777778
518,low,37.55555555555556,2793.0864197530864
519,low,38.44444444444444,2803.641975308642
520,low,39.33333333333333,2814.4444444444443
521,low,40.22222222222222,2825.4938271604938
522,low,41.111111111111114,2836.79012345679
523,low,42.0,2848.333333333333
524,low,42.0,2859.9999999999995
525,low,42.0,2871.666666666666
526,low,42.0,2883.3333333333326
527,low,42.0,2894.999999999999
528,low,42.0,2906.6666666666656
529,low,42.0,2918.333333333332
530,low,42.0,2929.9999999999986
531,low,42.0,2941.666666666665
532,low,42.0,2953.3333333333317
533,low,42.0,2964.999999999998
534,low,42.0,2976.6666666666647
535,low,39.857142857142854,2988.0357142857124
536,low,37.714285714285715,2998.809523809522
537,low,35.57142857142857,3008.9880952380936
538,low,33.42857142857143,3018.571428571427
539,low,31.285714285714285,3027.5595238095225
540,low,29.142857142857142,3035.95238095238
541,low,27.0,3043.749999999999
542,low,24.857142857142858,3050.95238095238
543,low,22.714285714285715,3057.5595238095225
544,low,20.571428571428573,3063.571428571427
545,low,18.42857142857143,3068.9880952380936
546,low,16.285714285714285,3073.809523809522
547,low,14.142857142857142,3078.0357142857124
548,low,12.0,3081.6666666666647
549,low,12.0,3084.999999999998
550,low,10.90909090909091,3088.181818181816
551,low,9.818181818181818,3091.060606060604
552,low,8.727272727272727,3093.6363636363617
553,low,7.636363636363637,3095.909090909089
554,low,6.545454545454546,3097.878787878786
555,low,5.454545454545455,3099.5454545454527
556,low,4.363636363636364,3100.909090909089
557,low,3.2727272727272734,3101.969696969695
558,low,2.1818181818181834,3102.727272727271
559,low,1.0909090909090917,3103.1818181818167
560,low,0.0,3103.3333333333317
561,low,0.0,3103.3333333333317
562,low,0.0,3103.3333333333317
563,low,0.0,3103.3333333333317
564,low,0.0,3103.3333333333317
565,low,0.0,3103.3333333333317
566,low,0.0,3103.3333333333317
567,low,0.0,3103.3333333333317
568,low,0.0,3103.3333333333317
569,low,0.0,3103.3333333333317
570,low,0.0,3103.3333333333317
571,low,0.0,3103.3333333333317
572,low,0.0,3103.3333333333317
573,low,0.0,3103.3333333333317
574,low,1.8421052631578947,3103.589181286548
575,low,3.6842105263157894,3104.3567251461973
576,low,5.526315789473684,3105.635964912279
577,low,7.368421052631579,3107.4269005847937
578,low,9.210526315789473,3109.729532163741
579,low,11.052631578947368,3112.5438596491213
580,low,12.894736842105264,3115.869883040934
581,low,14.736842105263158,3119.7076023391796
582,low,16.57894736842105,3124.057017543858
583,low,18.421052631578945,3128.918128654969
584,low,20.263157894736842,3134.290935672513
585,low,22.105263157894736,3140.1754385964896
586,low,23.94736842105263,3146.571637426899
587,low,25.789473684210527,3153.479532163741
588,low,27.63157894736842,3160.899122807016
589,low,29.473684210526315,3168.8304093567235
590,medium,0.0,3172.9239766081855
591,medium,2.5454545454545454,3173.277511961721
592,medium,5.090909090909091,3174.338118022327
593,medium,7.636363636363637,3176.1057947900035
594,medium,10.181818181818182,3178.580542264751
595,medium,12.727272727272727,3181.762360446569
596,medium,15.272727272727273,3185.6512493354576
597,medium,17.818181818181817,3190.2472089314174
598,medium,20.363636363636363,3195.550239234448
599,medium,22.90909090909091,3201.560340244549
600,medium,25.454545454545453,3208.277511961721
601,medium,28.0,3215.7017543859633
602,medium,28.0,3223.479532163741
603,medium,28.0,3231.257309941519
604,medium,28.0,3239.035087719297
605,medium,28.0,3246.8128654970747
606,medium,28.0,3254.5906432748525
607,medium,28.0,3262.3684210526303
608,medium,28.0,3270.146198830408
609,medium,28.0,3277.923976608186
610,medium,28.0,3285.701754385964
611,medium,29.125,3293.6357821637416
612,medium,30.25,3301.8823099415195
613,medium,31.375,3310.4413377192973
614,medium,32.5,3319.312865497075
615,medium,33.625,3328.496893274853
616,medium,34.75,3337.9934210526308
617,medium,35.875,3347.8024488304086
618,medium,37.0,3357.9239766081864
619,medium,38.125,3368.3580043859643
620,medium,39.25,3379.104532163742
621,medium,40.375,3390.16355994152
622,medium,41.5,3401.5350877192977
623,medium,42.625,3413.2191154970756
624,medium,43.75,3425.2156432748534
625,medium,44.875,3437.524671052631
626,medium,46.0,3450.146198830409
627,medium,47.125,3463.080226608187
628,medium,48.25,3476.3267543859647
629,medium,49.375,3489.8857821637425
630,medium,50.5,3503.7573099415204
631,medium,51.625,3517.941337719298
632,medium,52.75,3532.437865497076
633,medium,53.875,3547.246893274854
634,medium,55.0,3562.3684210526317
635,medium,55.0,3577.6461988304095
636,medium,55.0,3592.9239766081873
637,medium,55.0,3608.201754385965
638,medium,55.0,3623.479532163743
639,medium,55.0,3638.757309941521
640,medium,55.0,3654.0350877192986
641,medium,55.0,3669.3128654970765
642,medium,55.0,3684.5906432748543
643,medium,55.0,3699.868421052632
644,medium,55.0,3715.14619883041
645,medium,55.0,3730.423976608188
646,medium,52.27272727272727,3745.3229665071776
647,medium,49.54545454545455,3759.464380648592
648,medium,46.81818181818182,3772.8482190324303
649,medium,44.09090909090909,3785.474481658693
650,medium,41.36363636363637,3797.34316852738
651,medium,38.63636363636364,3808.4542796384912
652,medium,35.90909090909091,3818.8078149920266
653,medium,33.18181818181819,3828.4037745879864
654,medium,30.454545454545457,3837.24215842637
655,medium,27.72727272727273,3845.322966507178
656,medium,25.000000000000004,3852.6461988304104
657,medium,25.0,3859.5906432748548
658,medium,25.0,3866.535087719299
659,medium,25.0,3873.4795321637434
660,medium,25.0,3880.423976608188
661,medium,25.0,3887.368421052632
662,medium,25.0,3894.3128654970765
663,medium,25.0,3901.257309941521
664,medium,26.875,3908.462171052632
665,medium,28.75,3916.1878654970765
666,medium,30.625,3924.4343932748543
667,medium,32.5,3933.2017543859656
668,medium,34.375,3942.48994883041
669,medium,36.25,3952.298976608188
670,medium,38.125,3962.628837719299
671,medium,40.0,3973.4795321637434
672,medium,41.875,3984.8510599415213
673,medium,43.75,3996.7434210526326
674,medium,45.625,4009.156615497077
675,medium,47.5,4022.0906432748548
676,medium,49.375,4035.545504385966
677,medium,51.25,4049.5211988304104
678,medium,53.125,4064.0177266081882
679,medium,55.0,4079.0350877192996
680,medium,56.875,4094.573282163744
681,medium,58.75,4110.632309941521
682,medium,60.625,4127.212171052633
683,medium,62.5,4144.312865497077
684,medium,64.375,4161.934393274854
685,medium,66.25,4180.076754385966
686,medium,68.125,4198.73994883041
687,medium,70.0,4217.923976608187
688,medium,70.0,4237.368421052632
689,medium,70.0,4256.812865497076
690,medium,70.0,4276.25730994152
691,medium,70.0,4295.701754385965
692,medium,70.0,4315.146198830409
693,medium,70.0,4334.590643274853
694,medium,70.0,4354.035087719298
695,medium,70.0,4373.479532163742
696,medium,70.0,4392.923976608186
697,medium,70.0,4412.368421052631
698,medium,70.0,4431.812865497075
699,medium,70.0,4451.257309941519
700,medium,70.0,4470.701754385964
701,medium,66.66666666666667,4489.683235867446
702,medium,63.333333333333336,4507.738791423001
703,medium,60.0,4524.868421052631
704,medium,56.666666666666664,4541.072124756334
705,medium,53.33333333333333,4556.349902534112
706,medium,50.0,4570.701754385964
707,medium,46.666666666666664,4584.12768031189
708,medium,43.33333333333333,4596.62768031189
709,medium,40.0,4608.201754385964
710,medium,36.666666666666664,4618.849902534112
711,medium,33.33333333333333,4628.572124756334
712,medium,30.0,4637.368421052631
713,medium,26.666666666666664,4645.238791423001
714,medium,23.33333333333333,4652.183235867446
715,medium,20.0,4658.201754385964
716,medium,16.666666666666664,4663.294346978556
717,medium,13.333333333333329,4667.461013645223
718,medium,10.0,4670.701754385964
719,medium,6.666666666666664,4673.016569200779
720,medium,3.3333333333333286,4674.405458089667
721,medium,0.0,4674.86842105263
722,medium,0.0,4674.86842105263
723,medium,0.0,4674.86842105263
724,medium,0.0,4674.86842105263
725,medium,0.0,4674.86842105263
726,medium,0.0,4674.86842105263
727,medium,0.0,4674.86842105263
728,medium,0.0,4674.86842105263
729,medium,0.0,4674.86842105263
730,medium,0.0,4674.86842105263
731,medium,0.0,4674.86842105263
732,medium,0.0,4674.86842105263
733,medium,0.0,4674.86842105263
734,medium,0.0,4674.86842105263
735,medium,2.5454545454545454,4675.221956406165
736,medium,5.090909090909091,4676.282562466771
737,medium,7.636363636363637,4678.050239234448
738,medium,10.181818181818182,4680.524986709195
739,medium,12.727272727272727,4683.706804891013
740,medium,15.272727272727273,4687.595693779902
741,medium,17.818181818181817,4692.191653375861
742,medium,20.363636363636363,4697.494683678891
743,medium,22.90909090909091,4703.504784688992
744,medium,25.454545454545453,4710.221956406163
745,medium,28.0,4717.646198830405
746,medium,28.0,4725.423976608183
747,medium,28.0,4733.20175438596
748,medium,28.0,4740.9795321637375
749,medium,28.0,4748.757309941515
750,medium,28.0,4756.535087719292
751,medium,28.0,4764.31286549707
752,medium,28.0,4772.090643274847
753,medium,28.0,4779.868421052624
754,medium,28.0,4787.646198830402
755,medium,29.125,4795.580226608179
756,medium,30.25,4803.8267543859565
757,medium,31.375,4812.385782163734
758,medium,32.5,4821.257309941511
759,medium,33.625,4830.441337719289
760,medium,34.75,4839.937865497066
761,medium,35.875,4849.746893274843
762,medium,37.0,4859.868421052621
763,medium,38.125,4870.302448830398
764,medium,39.25,4881.0489766081755
765,medium,40.375,4892.108004385953
766,medium,41.5,4903.47953216373
767,medium,42.625,4915.163559941508
768,medium,43.75,4927.160087719285
769,medium,44.875,4939.469115497062
770,medium,46.0,4952.09064327484
771,medium,47.125,4965.024671052617
772,medium,48.25,4978.2711988303945
773,medium,49.375,4991.830226608172
774,medium,50.5,5005.701754385949
775,medium,51.625,5019.885782163727
776,medium,52.75,5034.382309941504
777,medium,53.875,5049.191337719281
778,medium,55.0,5064.312865497059
779,medium,55.0,5079.590643274836
780,medium,55.0,5094.8684210526135
781,medium,55.0,5110.146198830391
782,medium,55.0,5125.423976608168
783,medium,55.0,5140.701754385946
784,medium,55.0,5155.979532163723
785,medium,55.0,5171.2573099415
786,medium,55.0,5186.535087719278
787,medium,55.0,5201.812865497055
788,medium,55.0,5217.0906432748325
789,medium,55.0,5232.36842105261
790,medium,52.27272727272727,5247.2674109516
791,medium,49.54545454545455,5261.4088250930145
792,medium,46.81818181818182,5274.792663476853
793,medium,44.09090909090909,5287.418926103115
794,medium,41.36363636363637,5299.287612971802
795,medium,38.63636363636364,5310.398724082914
796,medium,35.90909090909091,5320.752259436449
797,medium,33.18181818181819,5330.348219032408
798,medium,30.454545454545457,5339.186602870793
799,medium,27.72727272727273,5347.267410951601
800,medium,25.000000000000004,5354.590643274833
801,medium,25.0,5361.535087719278
802,medium,25.0,5368.479532163722
803,medium,25.0,5375.423976608166
804,medium,25.0,5382.368421052611
805,medium,25.0,5389.312865497055
806,medium,25.0,5396.257309941499
807,medium,25.0,5403.201754385944
808,medium,26.875,5410.406615497055
809,medium,28.75,5418.132309941499
810,medium,30.625,5426.378837719277
811,medium,32.5,5435.146198830388
812,medium,34.375,5444.4343932748325
813,medium,36.25,5454.24342105261
814,medium,38.125,5464.573282163721
815,medium,40.0,5475.4239766081655
816,medium,41.875,5486.795504385943
817,medium,43.75,5498.687865497054
818,medium,45.625,5511.1010599414985
819,medium,47.5,5524.035087719276
820,medium,49.375,5537.489948830387
821,medium,51.25,5551.465643274832
822,medium,53.125,5565.962171052609
823,medium,55.0,5580.97953216372
824,medium,56.875,5596.517726608165
825,medium,58.75,5612.576754385942
826,medium,60.625,5629.156615497053
827,medium,62.5,5646.257309941498
828,medium,64.375,5663.878837719275
829,medium,66.25,5682.021198830386
830,medium,68.125,5700.684393274831
831,medium,70.0,5719.868421052608
832,medium,70.0,5739.312865497052
833,medium,70.0,5758.757309941497
834,medium,70.0,5778.201754385941
835,medium,70.0,5797.646198830385
836,medium,70.0,5817.09064327483
837,medium,70.0,5836.535087719274
838,medium,70.0,5855.979532163718
839,medium,70.0,5875.423976608163
840,medium,70.0,5894.868421052607
841,medium,70.0,5914.3128654970515
842,medium,70.0,5933.757309941496
843,medium,70.0,5953.20175438594
844,medium,70.0,5972.6461988303845
845,medium,66.66666666666667,5991.627680311866
846,medium,63.333333333333336,6009.683235867422
847,medium,60.0,6026.8128654970515
848,medium,56.666666666666664,6043.016569200755
849,medium,53.33333333333333,6058.294346978532
850,medium,50.0,6072.6461988303845
851,medium,46.666666666666664,6086.072124756311
852,medium,43.33333333333333,6098.572124756311
853,medium,40.0,6110.1461988303845
854,medium,36.666666666666664,6120.794346978532
855,medium,33.33333333333333,6130.516569200755
856,medium,30.0,6139.3128654970515
857,medium,26.666666666666664,6147.183235867422
858,medium,23.33333333333333,6154.127680311866
859,medium,20.0,6160.1461988303845
860,medium,16.666666666666664,6165.238791422977
861,medium,13.333333333333329,6169.405458089644
862,medium,10.0,6172.6461988303845
863,medium,6.666666666666664,6174.961013645199
864,medium,3.3333333333333286,6176.349902534088
865,medium,0.0,6176.812865497051
866,medium,0.0,6176.812865497051
867,medium,0.0,6176.812865497051
868,medium,0.0,6176.812865497051
869,medium,0.0,6176.812865497051
870,medium,0.0,6176.812865497051
871,medium,0.0,6176.812865497051
872,medium,0.0,6176.812865497051
873,medium,0.0,6176.812865497051
874,medium,0.0,6176.812865497051
875,medium,0.0,6176.812865497051
876,medium,0.0,6176.812865497051
877,medium,0.0,6176.812865497051
878,medium,0.0,6176.812865497051
879,medium,2.5454545454545454,6177.166400850586
880,medium,5.090909090909091,6178.227006911192
881,medium,7.636363636363637,6179.994683678869
882,medium,10.181818181818182,6182.469431153616
883,medium,12.727272727272727,6185.651249335434
884,medium,15.272727272727273,6189.540138224323
885,medium,17.818181818181817,6194.136097820282
886,medium,20.363636363636363,6199.439128123312
887,medium,22.90909090909091,6205.449229133413
888,medium,25.454545454545453,6212.166400850584
889,medium,28.0,6219.590643274826
890,medium,28.0,6227.3684210526035
891,medium,28.0,6235.146198830381
892,medium,28.0,6242.923976608158
893,medium,28.0,6250.701754385936
894,medium,28.0,6258.479532163713
895,medium,28.0,6266.25730994149
896,medium,28.0,6274.035087719268
897,medium,28.0,6281.812865497045
898,medium,28.0,6289.5906432748225
899,medium,29.125,6297.5246710526
900,medium,30.25,6305.771198830377
901,medium,31.375,6314.330226608155
902,medium,32.5,6323.201754385932
903,medium,33.625,6332.385782163709
904,medium,34.75,6341.882309941487
905,medium,35.875,6351.691337719264
906,medium,37.0,6361.8128654970415
907,medium,38.125,6372.246893274819
908,medium,39.25,6382.993421052596
909,medium,40.375,6394.052448830374
910,medium,41.5,6405.423976608151
911,medium,42.625,6417.108004385928
912,medium,43.75,6429.104532163706
913,medium,44.875,6441.413559941483
914,medium,46.0,6454.03508771926
915,medium,47.125,6466.969115497038
916,medium,48.25,6480.215643274815
917,medium,49.375,6493.774671052593
918,medium,50.5,6507.64619883037
919,medium,51.625,6521.830226608147
920,medium,52.75,6536.326754385925
921,medium,53.875,6551.135782163702
922,medium,55.0,6566.257309941479
923,medium,55.0,6581.535087719257
924,medium,55.0,6596.812865497034
925,medium,55.0,6612.090643274812
926,medium,55.0,6627.368421052589
927,medium,55.0,6642.646198830366
928,medium,55.0,6657.923976608144
929,medium,55.0,6673.201754385921
930,medium,55.0,6688.479532163698
931,medium,55.0,6703.757309941476
932,medium,55.0,6719.035087719253
933,medium,55.0,6734.3128654970305
934,medium,52.27272727272727,6749.211855396021
935,medium,49.54545454545455,6763.353269537435
936,medium,46.81818181818182,6776.7371079212735
937,medium,44.09090909090909,6789.363370547536
938,medium,41.36363636363637,6801.232057416223
939,medium,38.63636363636364,6812.3431685273345
940,medium,35.90909090909091,6822.69670388087
941,medium,33.18181818181819,6832.292663476829
942,medium,30.454545454545457,6841.131047315213
943,medium,27.72727272727273,6849.211855396022
944,medium,25.000000000000004,6856.535087719254
945,medium,25.0,6863.479532163698
946,medium,25.0,6870.423976608143
947,medium,25.0,6877.368421052587
948,medium,25.0,6884.312865497031
949,medium,25.0,6891.257309941476
950,medium,25.0,6898.20175438592
951,medium,25.0,6905.1461988303645
952,medium,26.875,6912.351059941476
953,medium,28.75,6920.07675438592
954,medium,30.625,6928.3232821636975
955,medium,32.5,6937.090643274809
956,medium,34.375,6946.378837719253
957,medium,36.25,6956.1878654970305
958,medium,38.125,6966.517726608142
959,medium,40.0,6977.368421052586
960,medium,41.875,6988.739948830364
961,medium,43.75,7000.632309941475
962,medium,45.625,7013.045504385919
963,medium,47.5,7025.979532163697
964,medium,49.375,7039.434393274808
965,medium,51.25,7053.410087719252
966,medium,53.125,7067.90661549703
967,medium,55.0,7082.923976608141
968,medium,56.875,7098.462171052585
969,medium,58.75,7114.521198830363
970,medium,60.625,7131.101059941474
971,medium,62.5,7148.201754385918
972,medium,64.375,7165.823282163696
973,medium,66.25,7183.965643274807
974,medium,68.125,7202.628837719251
975,medium,70.0,7221.812865497029
976,medium,70.0,7241.257309941473
977,medium,70.0,7260.701754385917
978,medium,70.0,7280.146198830362
979,medium,70.0,7299.590643274806
980,medium,70.0,7319.03508771925
981,medium,70.0,7338.479532163695
982,medium,70.0,7357.923976608139
983,medium,70.0,7377.3684210525835
984,medium,70.0,7396.812865497028
985,medium,70.0,7416.257309941472
986,medium,70.0,7435.7017543859165
987,medium,70.0,7455.146198830361
988,medium,70.0,7474.590643274805
989,medium,66.66666666666667,7493.572124756287
990,medium,63.333333333333336,7511.627680311843
991,medium,60.0,7528.757309941472
992,medium,56.666666666666664,7544.961013645176
993,medium,53.33333333333333,7560.238791422953
994,medium,50.0,7574.590643274805
995,medium,46.666666666666664,7588.016569200731
996,medium,43.33333333333333,7600.516569200731
997,medium,40.0,7612.090643274805
998,medium,36.666666666666664,7622.738791422953
999,medium,33.33333333333333,7632.461013645176
1000,medium,30.0,7641.257309941472
1001,medium,26.666666666666664,7649.127680311843
1002,medium,23.33333333333333,7656.072124756287
1003,medium,20.0,7662.090643274805
1004,medium,16.666666666666664,7667.183235867397
1005,medium,13.333333333333329,7671.349902534064
1006,medium,10.0,7674.590643274805
1007,medium,6.666666666666664,7676.90545808962
1008,medium,3.3333333333333286,7678.294346978509
1009,medium,0.0,7678.757309941471
1010,medium,0.0,7678.757309941471
1011,medium,0.0,7678.757309941471
1012,medium,0.0,7678.757309941471
1013,medium,0.0,7678.757309941471
1014,medium,0.0,7678.757309941471
1015,medium,0.0,7678.757309941471
1016,medium,0.0,7678.757309941471
1017,medium,0.0,7678.757309941471
1018,medium,0.0,7678.757309941471
1019,medium,0.0,7678.757309941471
1020,medium,0.0,7678.757309941471
1021,medium,0.0,7678.757309941471
1022,medium,0.0,7678.757309941471
1023,high,0.0,7678.757309941471
1024,high,3.2142857142857144,7679.2037385129
1025,high,6.428571428571429,7680.543024227185
1026,high,9.642857142857142,7682.775167084328
1027,high,12.857142857142858,7685.900167084328
1028,high,16.071428571428573,7689.918024227185
1029,high,19.285714285714285,7694.8287385129
1030,high,22.5,7700.632309941471
1031,high,25.714285714285715,7707.3287385129
1032,high,28.92857142857143,7714.918024227185
1033,high,32.142857142857146,7723.400167084328
1034,high,35.35714285714286,7732.775167084328
1035,high,38.57142857142857,7743.043024227185
1036,high,41.785714285714285,7754.2037385129
1037,high,45.0,7766.257309941471
1038,high,45.0,7778.757309941471
1039,high,45.0,7791.257309941471
1040,high,45.0,7803.757309941471
1041,high,45.0,7816.257309941471
1042,high,45.0,7828.757309941471
1043,high,45.0,7841.257309941471
1044,high,45.0,7853.757309941471
1045,high,46.875,7866.517726608138
1046,high,48.75,7879.798976608138
1047,high,50.625,7893.601059941471
1048,high,52.5,7907.923976608138
1049,high,54.375,7922.767726608138
1050,high,56.25,7938.132309941471
1051,high,58.125,7954.017726608138
1052,high,60.0,7970.423976608138
1053,high,61.875,7987.351059941471
1054,high,63.75,8004.798976608138
1055,high,65.625,8022.767726608138
1056,high,67.5,8041.257309941471
1057,high,69.375,8060.267726608138
1058,high,71.25,8079.798976608138
1059,high,73.125,8099.851059941471
1060,high,75.0,8120.423976608138
1061,high,76.875,8141.517726608138
1062,high,78.75,8163.132309941471
1063,high,80.625,8185.267726608138
1064,high,82.5,8207.923976608137
1065,high,84.375,8231.101059941471
1066,high,86.25,8254.798976608137
1067,high,88.125,8279.017726608137
1068,high,90.0,8303.757309941471
1069,high,90.0,8328.757309941471
1070,high,90.0,8353.757309941471
1071,high,90.0,8378.757309941471
1072,high,90.0,8403.757309941471
1073,high,90.0,8428.757309941471
1074,high,90.0,8453.757309941471
1075,high,90.0,8478.757309941471
1076,high,90.0,8503.757309941471
1077,high,90.0,8528.757309941471
1078,high,90.0,8553.757309941471
1079,high,90.0,8578.757309941471
1080,high,90.0,8603.757309941471
1081,high,90.0,8628.757309941471
1082,high,90.0,8653.757309941471
1083,high,90.0,8678.757309941471
1084,high,87.27272727272727,8703.378522062683
1085,high,84.54545454545455,8727.24215842632
1086,high,81.81818181818181,8750.34821903238
1087,high,79.0909090909091,8772.696703880863
1088,high,76.36363636363636,8794.287612971773
1089,high,73.63636363636364,8815.120946305107
1090,high,70.9090909090909,8835.196703880865
1091,high,68.18181818181819,8854.514885699047
1092,high,65.45454545454545,8873.075491759653
1093,high,62.727272727272734,8890.878522062683
1094,high,60.0,8907.923976608137
1095,high,60.0,8924.590643274803
1096,high,60.0,8941.25730994147
1097,high,60.0,8957.923976608135
1098,high,60.0,8974.590643274802
1099,high,60.0,8991.257309941468
1100,high,60.0,9007.923976608134
1101,high,60.0,9024.5906432748
1102,high,61.724137931034484,9041.496773542998
1103,high,63.44827586206897,9058.881831014263
1104,high,65.17241379310344,9076.745815688593
1105,high,66.89655172413794,9095.088727565988
1106,high,68.62068965517241,9113.910566646447
1107,high,70.34482758620689,9133.211332929972
1108,high,72.06896551724138,9152.991026416561
1109,high,73.79310344827586,9173.249647106217
1110,high,75.51724137931035,9193.987194998937
1111,high,77.24137931034483,9215.203670094723
1112,high,78.9655172413793,9236.899072393573
1113,high,80.6896551724138,9259.073401895488
1114,high,82.41379310344827,9281.72665860047
1115,high,84.13793103448276,9304.858842508516
1116,high,85.86206896551724,9328.469953619628
1117,high,87.58620689655172,9352.559991933804
1118,high,89.3103448275862,9377.128957451045
1119,high,91.03448275862068,9402.17685017135
1120,high,92.75862068965517,9427.703670094723
1121,high,94.48275862068965,9453.70941722116
1122,high,96.20689655172413,9480.194091550662
1123,high,97.93103448275862,9507.157693083229
1124,high,99.65517241379311,9534.60022181886
1125,high,101.37931034482759,9562.521677757557
1126,high,103.10344827586206,9590.92206089932
1127,high,104.82758620689654,9619.801371244148
1128,high,106.55172413793103,9649.15960879204
1129,high,108.27586206896552,9678.996773542998
1130,high,110.0,9709.31286549702
1131,high,110.0,9739.868421052575
1132,high,110.0,9770.42397660813
1133,high,110.0,9800.979532163685
1134,high,110.0,9831.53508771924
1135,high,110.0,9862.090643274794
1136,high,110.0,9892.646198830349
1137,high,110.0,9923.201754385904
1138,high,110.0,9953.757309941459
1139,high,110.0,9984.312865497013
1140,high,110.0,10014.868421052568
1141,high,110.0,10045.423976608123
1142,high,110.0,10075.979532163678
1143,high,110.0,10106.535087719232
1144,high,105.92592592592592,10136.524799653389
1145,high,101.85185185185185,10165.382824344748
1146,high,97.77777777777777,10193.109161793307
1147,high,93.7037037037037,10219.703811999068
1148,high,89.62962962962962,10245.166774962032
1149,high,85.55555555555556,10269.498050682196
1150,high,81.48148148148148,10292.697639159562
1151,high,77.4074074074074,10314.76554039413
1152,high,73.33333333333333,10335.7017543859
1153,high,69.25925925925925,10355.50628113487
1154,high,65.18518518518519,10374.179120641043
1155,high,61.11111111111111,10391.720272904418
1156,high,57.03703703703703,10408.129737924994
1157,high,52.96296296296296,10423.407515702771
1158,high,48.888888888888886,10437.55360623775
1159,high,44.81481481481481,10450.568009529932
1160,high,40.74074074074073,10462.450725579314
1161,high,36.66666666666666,10473.201754385898
1162,high,32.59259259259258,10482.821095949685
1163,high,28.518518518518505,10491.308750270673
1164,high,24.444444444444443,10498.664717348862
1165,high,20.370370370370367,10504.888997184253
1166,high,16.29629629629629,10509.981589776846
1167,high,12.222222222222214,10513.94249512664
1168,high,8.148148148148138,10516.771713233635
1169,high,4.074074074074062,10518.469244097832
1170,high,-1.4210854715202004e-14,10519.035087719232
1171,high,0.0,10519.035087719232
1172,high,0.0,10519.035087719232
1173,high,0.0,10519.035087719232
1174,high,0.0,10519.035087719232
1175,high,0.0,10519.035087719232
1176,high,0.0,10519.035087719232
1177,high,0.0,10519.035087719232
1178,high,0.0,10519.035087719232
1179,high,0.0,10519.035087719232
1180,high,0.0,10519.035087719232
1181,high,0.0,10519.035087719232
1182,high,0.0,10519.035087719232
1183,high,0.0,10519.035087719232
1184,high,0.0,10519.035087719232
1185,high,0.0,10519.035087719232
1186,high,0.0,10519.035087719232
1187,high,3.2142857142857144,10519.481516290662
1188,high,6.428571428571429,10520.820802004948
1189,high,9.642857142857142,10523.052944862091
1190,high,12.857142857142858,10526.177944862091
1191,high,16.071428571428573,10530.195802004948
1192,high,19.285714285714285,10535.106516290662
1193,high,22.5,10540.910087719232
1194,high,25.714285714285715,10547.606516290662
1195,high,28.92857142857143,10555.195802004948
1196,high,32.142857142857146,10563.677944862091
1197,high,35.35714285714286,10573.052944862091
1198,high,38.57142857142857,10583.320802004948
1199,high,41.785714285714285,10594.481516290662
1200,high,45.0,10606.535087719232
1201,high,45.0,10619.035087719232
1202,high,45.0,10631.535087719232
1203,high,45.0,10644.035087719232
1204,high,45.0,10656.535087719232
1205,high,45.0,10669.035087719232
1206,high,45.0,10681.535087719232
1207,high,45.0,10694.035087719232
1208,high,46.875,10706.795504385898
1209,high,48.75,10720.076754385898
1210,high,50.625,10733.878837719232
1211,high,52.5,10748.201754385898
1212,high,54.375,10763.045504385898
1213,high,56.25,10778.410087719232
1214,high,58.125,10794.295504385898
1215,high,60.0,10810.701754385898
1216,high,61.875,10827.628837719232
1217,high,63.75,10845.076754385898
1218,high,65.625,10863.045504385898
1219,high,67.5,10881.535087719232
1220,high,69.375,10900.545504385898
1221,high,71.25,10920.076754385898
1222,high,73.125,10940.128837719232
1223,high,75.0,10960.701754385898
1224,high,76.875,10981.795504385898
1225,high,78.75,11003.410087719232
1226,high,80.625,11025.545504385898
1227,high,82.5,11048.201754385898
1228,high,84.375,11071.378837719232
1229,high,86.25,11095.076754385898
1230,high,88.125,11119.295504385898
1231,high,90.0,11144.035087719232
1232,high,90.0,11169.035087719232
1233,high,90.0,11194.035087719232
1234,high,90.0,11219.035087719232
1235,high,90.0,11244.035087719232
1236,high,90.0,11269.035087719232
1237,high,90.0,11294.035087719232
1238,high,90.0,11319.035087719232
1239,high,90.0,11344.035087719232
1240,high,90.0,11369.035087719232
1241,high,90.0,11394.035087719232
1242,high,90.0,11419.035087719232
1243,high,90.0,11444.035087719232
1244,high,90.0,11469.035087719232
1245,high,90.0,11494.035087719232
1246,high,90.0,11519.035087719232
1247,high,87.27272727272727,11543.656299840444
1248,high,84.54545454545455,11567.51993620408
1249,high,81.81818181818181,11590.62599681014
1250,high,79.0909090909091,11612.974481658624
1251,high,76.36363636363636,11634.565390749534
1252,high,73.63636363636364,11655.398724082868
1253,high,70.9090909090909,11675.474481658626
1254,high,68.18181818181819,11694.792663476808
1255,high,65.45454545454545,11713.353269537414
1256,high,62.727272727272734,11731.156299840444
1257,high,60.0,11748.201754385898
1258,high,60.0,11764.868421052564
1259,high,60.0,11781.53508771923
1260,high,60.0,11798.201754385896
1261,high,60.0,11814.868421052563
1262,high,60.0,11831.535087719229
1263,high,60.0,11848.201754385895
1264,high,60.0,11864.86842105256
1265,high,61.724137931034484,11881.77455132076
1266,high,63.44827586206897,11899.159608792024
1267,high,65.17241379310344,11917.023593466354
1268,high,66.89655172413794,11935.366505343749
1269,high,68.62068965517241,11954.188344424208
1270,high,70.34482758620689,11973.489110707733
1271,high,72.06896551724138,11993.268804194322
1272,high,73.79310344827586,12013.527424883978
1273,high,75.51724137931035,12034.264972776698
1274,high,77.24137931034483,12055.481447872484
1275,high,78.9655172413793,12077.176850171334
1276,high,80.6896551724138,12099.35117967325
1277,high,82.41379310344827,12122.00443637823
1278,high,84.13793103448276,12145.136620286277
1279,high,85.86206896551724,12168.747731397389
1280,high,87.58620689655172,12192.837769711565
1281,high,89.3103448275862,12217.406735228806
1282,high,91.03448275862068,12242.454627949111
1283,high,92.75862068965517,12267.981447872484
1284,high,94.48275862068965,12293.987194998921
1285,high,96.20689655172413,12320.471869328423
1286,high,97.93103448275862,12347.43547086099
1287,high,99.65517241379311,12374.877999596622
1288,high,101.37931034482759,12402.799455535318
1289,high,103.10344827586206,12431.199838677081
1290,high,104.82758620689654,12460.079149021909
1291,high,106.55172413793103,12489.437386569802
1292,high,108.27586206896552,12519.27455132076
1293,high,110.0,12549.590643274782
1294,high,110.0,12580.146198830336
1295,high,110.0,12610.701754385891
1296,high,110.0,12641.257309941446
1297,high,110.0,12671.812865497
1298,high,110.0,12702.368421052555
1299,high,110.0,12732.92397660811
1300,high,110.0,12763.479532163665
1301,high,110.0,12794.03508771922
1302,high,110.0,12824.590643274774
1303,high,110.0,12855.146198830329
1304,high,110.0,12885.701754385884
1305,high,110.0,12916.257309941439
1306,high,110.0,12946.812865496993
1307,high,105.92592592592592,12976.80257743115
1308,high,101.85185185185185,13005.660602122509
1309,high,97.77777777777777,13033.386939571068
1310,high,93.7037037037037,13059.98158977683
1311,high,89.62962962962962,13085.444552739793
1312,high,85.55555555555556,13109.775828459957
1313,high,81.48148148148148,13132.975416937323
1314,high,77.4074074074074,13155.04331817189
1315,high,73.33333333333333,13175.979532163661
1316,high,69.25925925925925,13195.784058912632
1317,high,65.18518518518519,13214.456898418804
1318,high,61.11111111111111,13231.99805068218
1319,high,57.03703703703703,13248.407515702755
1320,high,52.96296296296296,13263.685293480532
1321,high,48.888888888888886,13277.831384015512
1322,high,44.81481481481481,13290.845787307693
1323,high,40.74074074074073,13302.728503357075
1324,high,36.66666666666666,13313.47953216366
1325,high,32.59259259259258,13323.098873727446
1326,high,28.518518518518505,13331.586528048434
1327,high,24.444444444444443,13338.942495126623
1328,high,20.370370370370367,13345.166774962014
1329,high,16.29629629629629,13350.259367554607
1330,high,12.222222222222214,13354.2202729044
1331,high,8.148148148148138,13357.049491011396
1332,high,4.074074074074062,13358.747021875593
1333,high,-1.4210854715202004e-14,13359.312865496993
1334,high,0.0,13359.312865496993
1335,high,0.0,13359.312865496993
1336,high,0.0,13359.312865496993
1337,high,0.0,13359.312865496993
1338,high,0.0,13359.312865496993
1339,high,0.0,13359.312865496993
1340,high,0.0,13359.312865496993
1341,high,0.0,13359.312865496993
1342,high,0.0,13359.312865496993
1343,high,0.0,13359.312865496993
1344,high,0.0,13359.312865496993
1345,high,0.0,13359.312865496993
1346,high,0.0,13359.312865496993
1347,high,0.0,13359.312865496993
1348,high,0.0,13359.312865496993
1349,high,0.0,13359.312865496993
1350,high,3.2142857142857144,13359.759294068423
1351,high,6.428571428571429,13361.098579782709
1352,high,9.642857142857142,13363.330722639852
1353,high,12.857142857142858,13366.455722639852
1354,high,16.071428571428573,13370.473579782709
1355,high,19.285714285714285,13375.384294068423
1356,high,22.5,13381.187865496993
1357,high,25.714285714285715,13387.884294068423
1358,high,28.92857142857143,13395.473579782709
1359,high,32.142857142857146,13403.955722639852
1360,high,35.35714285714286,13413.330722639852
1361,high,38.57142857142857,13423.598579782709
1362,high,41.785714285714285,13434.759294068423
1363,high,45.0,13446.812865496993
1364,high,45.0,13459.312865496993
1365,high,45.0,13471.812865496993
1366,high,45.0,13484.312865496993
1367,high,45.0,13496.812865496993
1368,high,45.0,13509.312865496993
1369,high,45.0,13521.812865496993
1370,high,45.0,13534.312865496993
1371,high,46.875,13547.07328216366
1372,high,48.75,13560.35453216366
1373,high,50.625,13574.156615496993
1374,high,52.5,13588.47953216366
1375,high,54.375,13603.32328216366
1376,high,56.25,13618.687865496993
1377,high,58.125,13634.57328216366
1378,high,60.0,13650.97953216366
1379,high,61.875,13667.906615496993
1380,high,63.75,13685.35453216366
1381,high,65.625,13703.32328216366
1382,high,67.5,13721.812865496993
1383,high,69.375,13740.82328216366
1384,high,71.25,13760.35453216366
1385,high,73.125,13780.406615496993
1386,high,75.0,13800.97953216366
1387,high,76.875,13822.07328216366
1388,high,78.75,13843.687865496993
1389,high,80.625,13865.82328216366
1390,high,82.5,13888.47953216366
1391,high,84.375,13911.656615496993
1392,high,86.25,13935.35453216366
1393,high,88.125,13959.57328216366
1394,high,90.0,13984.312865496993
1395,high,90.0,14009.312865496993
1396,high,90.0,14034.312865496993
1397,high,90.0,14059.312865496993
1398,high,90.0,14084.312865496993
1399,high,90.0,14109.312865496993
1400,high,90.0,14134.312865496993
1401,high,90.0,14159.312865496993
1402,high,90.0,14184.312865496993
1403,high,90.0,14209.312865496993
1404,high,90.0,14234.312865496993
1405,high,90.0,14259.312865496993
1406,high,90.0,14284.312865496993
1407,high,90.0,14309.312865496993
1408,high,90.0,14334.312865496993
1409,high,90.0,14359.312865496993
1410,high,87.27272727272727,14383.934077618205
1411,high,84.54545454545455,14407.797713981841
1412,high,81.81818181818181,14430.903774587901
1413,high,79.0909090909091,14453.252259436385
1414,high,76.36363636363636,14474.843168527295
1415,high,73.63636363636364,14495.67650186063
1416,high,70.9090909090909,14515.752259436387
1417,high,68.18181818181819,14535.07044125457
1418,high,65.45454545454545,14553.631047315175
1419,high,62.727272727272734,14571.434077618205
1420,high,60.0,14588.47953216366
1421,high,60.0,14605.146198830325
1422,high,60.0,14621.812865496991
1423,high,60.0,14638.479532163657
1424,high,60.0,14655.146198830324
1425,high,60.0,14671.81286549699
1426,high,60.0,14688.479532163656
1427,high,60.0,14705.146198830322
1428,high,61.724137931034484,14722.05232909852
1429,high,63.44827586206897,14739.437386569785
1430,high,65.17241379310344,14757.301371244115
1431,high,66.89655172413794,14775.64428312151
1432,high,68.62068965517241,14794.46612220197
1433,high,70.34482758620689,14813.766888485494
1434,high,72.06896551724138,14833.546581972083
1435,high,73.79310344827586,14853.805202661739
1436,high,75.51724137931035,14874.54275055446
1437,high,77.24137931034483,14895.759225650245
1438,high,78.9655172413793,14917.454627949095
1439,high,80.6896551724138,14939.62895745101
1440,high,82.41379310344827,14962.282214155992
1441,high,84.13793103448276,14985.414398064038
1442,high,85.86206896551724,15009.02550917515
1443,high,87.58620689655172,15033.115547489326
1444,high,89.3103448275862,15057.684513006567
1445,high,91.03448275862068,15082.732405726872
1446,high,92.75862068965517,15108.259225650245
1447,high,94.48275862068965,15134.264972776682
1448,high,96.20689655172413,15160.749647106184
1449,high,97.93103448275862,15187.71324863875
1450,high,99.65517241379311,15215.155777374383
1451,high,101.37931034482759,15243.077233313079
1452,high,103.10344827586206,15271.477616454842
1453,high,104.82758620689654,15300.35692679967
1454,high,106.55172413793103,15329.715164347563
1455,high,108.27586206896552,15359.55232909852
1456,high,110.0,15389.868421052543
1457,high,110.0,15420.423976608097
1458,high,110.0,15450.979532163652
1459,high,110.0,15481.535087719207
1460,high,110.0,15512.090643274762
1461,high,110.0,15542.646198830316
1462,high,110.0,15573.201754385871
1463,high,110.0,15603.757309941426
1464,high,110.0,15634.31286549698
1465,high,110.0,15664.868421052535
1466,high,110.0,15695.42397660809
1467,high,110.0,15725.979532163645
1468,high,110.0,15756.5350877192
1469,high,110.0,15787.090643274754
1470,high,105.92592592592592,15817.080355208911
1471,high,101.85185185185185,15845.93837990027
1472,high,97.77777777777777,15873.664717348829
1473,high,93.7037037037037,15900.25936755459
1474,high,89.62962962962962,15925.722330517554
1475,high,85.55555555555556,15950.053606237718
1476,high,81.48148148148148,15973.253194715084
1477,high,77.4074074074074,15995.321095949652
1478,extra_high,0.0,16006.072124756236
1479,extra_high,5.454545454545454,16006.829700513812
1480,extra_high,10.909090909090908,16009.10242778654
1481,extra_high,16.363636363636363,16012.890306574418
1482,extra_high,21.818181818181817,16018.193336877448
1483,extra_high,27.27272727272727,16025.01151869563
1484,extra_high,32.72727272727273,16033.344852028964
1485,extra_high,38.18181818181818,16043.193336877448
1486,extra_high,43.63636363636363,16054.556973241084
1487,extra_high,49.090909090909086,16067.435761119872
1488,extra_high,54.54545454545454,16081.829700513812
1489,extra_high,59.99999999999999,16097.738791422902
1490,extra_high,60.0,16114.405458089568
1491,extra_high,60.0,16131.072124756234
1492,extra_high,60.0,16147.7387914229
1493,extra_high,60.0,16164.405458089566
1494,extra_high,60.0,16181.072124756232
1495,extra_high,60.0,16197.738791422898
1496,extra_high,60.0,16214.405458089564
1497,extra_high,61.911764705882355,16231.337647632048
1498,extra_high,63.8235294117647,16248.800882926165
1499,extra_high,65.73529411764706,16266.795163971918
1500,extra_high,67.6470588235294,16285.320490769303
1501,extra_high,69.55882352941177,16304.376863318323
1502,extra_high,71.47058823529412,16323.964281618977
1503,extra_high,73.38235294117646,16344.082745671265
1504,extra_high,75.29411764705883,16364.732255475186
1505,extra_high,77.20588235294117,16385.912811030743
1506,extra_high,79.11764705882354,16407.624412337933
1507,extra_high,81.02941176470588,16429.867059396758
1508,extra_high,82.94117647058823,16452.640752207215
1509,extra_high,84.8529411764706,16475.945490769307
1510,extra_high,86.76470588235294,16499.78127508303
1511,extra_high,88.6764705882353,16524.14810514839
1512,extra_high,90.58823529411765,16549.045980965384
1513,extra_high,92.5,16574.47490253401
1514,extra_high,94.41176470588235,16600.43486985427
1515,extra_high,96.32352941176471,16626.925882926167
1516,extra_high,98.23529411764706,16653.947941749695
1517,extra_high,100.14705882352942,16681.501046324858
1518,extra_high,102.05882352941177,16709.585196651657
1519,extra_high,103.97058823529412,16738.200392730087
1520,extra_high,105.88235294117646,16767.346634560152
1521,extra_high,107.79411764705883,16797.023922141852
1522,extra_high,109.70588235294119,16827.232255475185
1523,extra_high,111.61764705882354,16857.971634560152
1524,extra_high,113.52941176470588,16889.242059396754
1525,extra_high,115.44117647058823,16921.04352998499
1526,extra_high,117.3529411764706,16953.376046324858
1527,extra_high,119.26470588235294,16986.239608416363
1528,extra_high,121.1764705882353,17019.6342162595
1529,extra_high,123.08823529411765,17053.55986985427
1530,extra_high,125.0,17088.016569200678
1531,extra_high,125.0,17122.7387914229
1532,extra_high,125.0,17157.461013645123
1533,extra_high,125.0,17192.183235867346
1534,extra_high,125.0,17226.905458089568
1535,extra_high,125.0,17261.62768031179
1536,extra_high,125.0,17296.349902534013
1537,extra_high,125.0,17331.072124756236
1538,extra_high,125.0,17365.79434697846
1539,extra_high,125.0,17400.51656920068
1540,extra_high,125.0,17435.238791422904
1541,extra_high,125.0,17469.961013645127
1542,extra_high,125.0,17504.68323586735
1543,extra_high,125.0,17539.40545808957
1544,extra_high,125.0,17574.127680311794
1545,extra_high,125.0,17608.849902534017
1546,extra_high,125.0,17643.57212475624
1547,extra_high,125.0,17678.294346978462
1548,extra_high,125.0,17713.016569200685
1549,extra_high,125.0,17747.738791422908
1550,extra_high,120.9090909090909,17781.892831826946
1551,extra_high,116.81818181818181,17814.910508594625
1552,extra_high,112.72727272727272,17846.79182172594
1553,extra_high,108.63636363636364,17877.53677122089
1554,extra_high,104.54545454545455,17907.145357079477
1555,extra_high,100.45454545454545,17935.6175793017
1556,extra_high,96.36363636363636,17962.953437887558
1557,extra_high,92.27272727272728,17989.152932837053
1558,extra_high,88.18181818181819,18014.216064150183
1559,extra_high,84.0909090909091,18038.14283182695
1560,extra_high,80.0,18060.933235867353
1561,extra_high,80.0,18083.155458089575
1562,extra_high,80.0,18105.377680311798
1563,extra_high,80.0,18127.59990253402
1564,extra_high,80.0,18149.822124756243
1565,extra_high,80.0,18172.044346978466
1566,extra_high,80.0,18194.26656920069
1567,extra_high,80.0,18216.48879142291
1568,extra_high,80.0,18238.711013645134
1569,extra_high,80.0,18260.933235867356
1570,extra_high,81.89655172413794,18283.418868051263
1571,extra_high,83.79310344827586,18306.431320158543
1572,extra_high,85.6896551724138,18329.970592189195
1573,extra_high,87.58620689655173,18354.03668414322
1574,extra_high,89.48275862068965,18378.62959602061
1575,extra_high,91.37931034482759,18403.749327821377
1576,extra_high,93.27586206896552,18429.395879545515
1577,extra_high,95.17241379310344,18455.569251193025
1578,extra_high,97.06896551724138,18482.269442763907
1579,extra_high,98.9655172413793,18509.49645425816
1580,extra_high,100.86206896551724,18537.250285675782
1581,extra_high,102.75862068965517,18565.530937016778
1582,extra_high,104.65517241379311,18594.338408281146
1583,extra_high,106.55172413793103,18623.672699468887
1584,extra_high,108.44827586206897,18653.533810579996
1585,extra_high,110.34482758620689,18683.92174161448
1586,extra_high,112.24137931034483,18714.836492572333
1587,extra_high,114.13793103448276,18746.27806345356
1588,extra_high,116.0344827586207,18778.24645425816
1589,extra_high,117.93103448275862,18810.741664986126
1590,extra_high,119.82758620689656,18843.763695637466
1591,extra_high,121.72413793103448,18877.31254621218
1592,extra_high,123.62068965517241,18911.388216710264
1593,extra_high,125.51724137931035,18945.99070713172
1594,extra_high,127.41379310344828,18981.120017476547
1595,extra_high,129.31034482758622,19016.776147744746
1596,extra_high,131.20689655172413,19052.959097936317
1597,extra_high,133.10344827586206,19089.66886805126
1598,extra_high,135.0,19126.905458089575
1599,extra_high,135.0,19164.405458089575
1600,extra_high,135.0,19201.905458089575
1601,extra_high,135.0,19239.405458089575
1602,extra_high,135.0,19276.905458089575
1603,extra_high,135.0,19314.405458089575
1604,extra_high,135.0,19351.905458089575
1605,extra_high,135.0,19389.405458089575
1606,extra_high,135.0,19426.905458089575
1607,extra_high,135.0,19464.405458089575
1608,extra_high,135.0,19501.905458089575
1609,extra_high,135.0,19539.405458089575
1610,extra_high,130.6451612903226,19576.300619379897
1611,extra_high,126.29032258064517,19611.986103250863
1612,extra_high,121.93548387096774,19646.461909702477
1613,extra_high,117.58064516129032,19679.728038734735
1614,extra_high,113.2258064516129,19711.784490347636
1615,extra_high,108.87096774193549,19742.631264541185
1616,extra_high,104.51612903225806,19772.26836131538
1617,extra_high,100.16129032258064,19800.695780670216
1618,extra_high,95.80645161290323,19827.9135226057
1619,extra_high,91.45161290322581,19853.92158712183
1620,extra_high,87.09677419354838,19878.719974218602
1621,extra_high,82.74193548387098,19902.308683896023
1622,extra_high,78.38709677419355,19924.687716154087
1623,extra_high,74.03225806451613,19945.857070992795
1624,extra_high,69.67741935483872,19965.81674841215
1625,extra_high,65.3225806451613,19984.56674841215
1626,extra_high,60.96774193548387,20002.107070992795
1627,extra_high,56.61290322580646,20018.437716154087
1628,extra_high,52.25806451612904,20033.558683896023
1629,extra_high,47.903225806451616,20047.469974218602
1630,extra_high,43.548387096774206,20060.17158712183
1631,extra_high,39.19354838709678,20071.6635226057
1632,extra_high,34.83870967741936,20081.945780670216
1633,extra_high,30.48387096774195,20091.01836131538
1634,extra_high,26.129032258064527,20098.881264541185
1635,extra_high,21.774193548387103,20105.534490347636
1636,extra_high,17.41935483870968,20110.978038734735
1637,extra_high,13.06451612903227,20115.211909702477
1638,extra_high,8.709677419354847,20118.236103250863
1639,extra_high,4.354838709677438,20120.050619379897
1640,extra_high,0.0,20120.655458089575
1641,extra_high,0.0,20120.655458089575
1642,extra_high,0.0,20120.655458089575
1643,extra_high,0.0,20120.655458089575
1644,extra_high,0.0,20120.655458089575
1645,extra_high,0.0,20120.655458089575
1646,extra_high,0.0,20120.655458089575
1647,extra_high,0.0,20120.655458089575
1648,extra_high,0.0,20120.655458089575
1649,extra_high,0.0,20120.655458089575
1650,extra_high,0.0,20120.655458089575
1651,extra_high,0.0,20120.655458089575
1652,extra_high,0.0,20120.655458089575
1653,extra_high,0.0,20120.655458089575
1654,extra_high,0.0,20120.655458089575
1655,extra_high,0.0,20120.655458089575
1656,extra_high,0.0,20120.655458089575
1657,extra_high,5.454545454545454,20121.41303384715
1658,extra_high,10.909090909090908,20123.68576111988
1659,extra_high,16.363636363636363,20127.47363990776
1660,extra_high,21.818181818181817,20132.77667021079
1661,extra_high,27.27272727272727,20139.59485202897
1662,extra_high,32.72727272727273,20147.928185362303
1663,extra_high,38.18181818181818,20157.776670210787
1664,extra_high,43.63636363636363,20169.140306574423
1665,extra_high,49.090909090909086,20182.01909445321
1666,extra_high,54.54545454545454,20196.41303384715
1667,extra_high,59.99999999999999,20212.322124756243
1668,extra_high,60.0,20228.98879142291
1669,extra_high,60.0,20245.65545808958
1670,extra_high,60.0,20262.322124756247
1671,extra_high,60.0,20278.988791422915
1672,extra_high,60.0,20295.655458089583
1673,extra_high,60.0,20312.32212475625
1674,extra_high,60.0,20328.98879142292
1675,extra_high,61.911764705882355,20345.920980965402
1676,extra_high,63.8235294117647,20363.38421625952
1677,extra_high,65.73529411764706,20381.37849730527
1678,extra_high,67.6470588235294,20399.903824102657
1679,extra_high,69.55882352941177,20418.96019665168
1680,extra_high,71.47058823529412,20438.54761495233
1681,extra_high,73.38235294117646,20458.66607900462
1682,extra_high,75.29411764705883,20479.315588808542
1683,extra_high,77.20588235294117,20500.496144364097
1684,extra_high,79.11764705882354,20522.207745671287
1685,extra_high,81.02941176470588,20544.450392730112
1686,extra_high,82.94117647058823,20567.22408554057
1687,extra_high,84.8529411764706,20590.52882410266
1688,extra_high,86.76470588235294,20614.364608416385
1689,extra_high,88.6764705882353,20638.731438481744
1690,extra_high,90.58823529411765,20663.629314298738
1691,extra_high,92.5,20689.058235867364
1692,extra_high,94.41176470588235,20715.018203187625
1693,extra_high,96.32352941176471,20741.50921625952
1694,extra_high,98.23529411764706,20768.53127508305
1695,extra_high,100.14705882352942,20796.084379658212
1696,extra_high,102.05882352941177,20824.16852998501
1697,extra_high,103.97058823529412,20852.78372606344
1698,extra_high,105.88235294117646,20881.929967893506
1699,extra_high,107.79411764705883,20911.607255475206
1700,extra_high,109.70588235294119,20941.81558880854
1701,extra_high,111.61764705882354,20972.554967893506
1702,extra_high,113.52941176470588,21003.82539273011
1703,extra_high,115.44117647058823,21035.626863318343
1704,extra_high,117.3529411764706,21067.959379658212
1705,extra_high,119.26470588235294,21100.822941749717
1706,extra_high,121.1764705882353,21134.217549592853
1707,extra_high,123.08823529411765,21168.143203187625
1708,extra_high,125.0,21202.59990253403
1709,extra_high,125.0,21237.322124756254
1710,extra_high,125.0,21272.044346978477
1711,extra_high,125.0,21306.7665692007
1712,extra_high,125.0,21341.488791422922
1713,extra_high,125.0,21376.211013645145
1714,extra_high,125.0,21410.933235867367
1715,extra_high,125.0,21445.65545808959
1716,extra_high,125.0,21480.377680311813
1717,extra_high,125.0,21515.099902534035
1718,extra_high,125.0,21549.822124756258
1719,extra_high,125.0,21584.54434697848
1720,extra_high,125.0,21619.266569200703
1721,extra_high,125.0,21653.988791422926
1722,extra_high,125.0,21688.71101364515
1723,extra_high,125.0,21723.43323586737
1724,extra_high,125.0,21758.155458089594
1725,extra_high,125.0,21792.877680311816
1726,extra_high,125.0,21827.59990253404
1727,extra_high,125.0,21862.32212475626
1728,extra_high,120.9090909090909,21896.4761651603
1729,extra_high,116.81818181818181,21929.49384192798
1730,extra_high,112.72727272727272,21961.375155059293
1731,extra_high,108.63636363636364,21992.120104554244
1732,extra_high,104.54545454545455,22021.72869041283
1733,extra_high,100.45454545454545,22050.200912635053
1734,extra_high,96.36363636363636,22077.53677122091
1735,extra_high,92.27272727272728,22103.736266170406
1736,extra_high,88.18181818181819,22128.799397483537
1737,extra_high,84.0909090909091,22152.726165160304
1738,extra_high,80.0,22175.516569200707
1739,extra_high,80.0,22197.73879142293
1740,extra_high,80.0,22219.961013645152
1741,extra_high,80.0,22242.183235867375
1742,extra_high,80.0,22264.405458089597
1743,extra_high,80.0,22286.62768031182
1744,extra_high,80.0,22308.849902534042
1745,extra_high,80.0,22331.072124756265
1746,extra_high,80.0,22353.294346978488
1747,extra_high,80.0,22375.51656920071
1748,extra_high,81.89655172413794,22398.002201384617
1749,extra_high,83.79310344827586,22421.014653491897
1750,extra_high,85.6896551724138,22444.55392552255
1751,extra_high,87.58620689655173,22468.620017476573
1752,extra_high,89.48275862068965,22493.212929353966
1753,extra_high,91.37931034482759,22518.33266115473
1754,extra_high,93.27586206896552,22543.97921287887
1755,extra_high,95.17241379310344,22570.15258452638
1756,extra_high,97.06896551724138,22596.85277609726
1757,extra_high,98.9655172413793,22624.079787591512
1758,extra_high,100.86206896551724,22651.833619009136
1759,extra_high,102.75862068965517,22680.114270350132
1760,extra_high,104.65517241379311,22708.9217416145
1761,extra_high,106.55172413793103,22738.25603280224
1762,extra_high,108.44827586206897,22768.11714391335
1763,extra_high,110.34482758620689,22798.505074947832
1764,extra_high,112.24137931034483,22829.419825905687
1765,extra_high,114.13793103448276,22860.861396786913
1766,extra_high,116.0344827586207,22892.829787591512
1767,extra_high,117.93103448275862,22925.32499831948
1768,extra_high,119.82758620689656,22958.34702897082
1769,extra_high,121.72413793103448,22991.895879545533
1770,extra_high,123.62068965517241,23025.971550043618
1771,extra_high,125.51724137931035,23060.574040465075
1772,extra_high,127.41379310344828,23095.7033508099
1773,extra_high,129.31034482758622,23131.3594810781
1774,extra_high,131.20689655172413,23167.54243126967
1775,extra_high,133.10344827586206,23204.252201384614
1776,extra_high,135.0,23241.48879142293
1777,extra_high,135.0,23278.98879142293
1778,extra_high,135.0,23316.48879142293
1779,extra_high,135.0,23353.98879142293
1780,extra_high,135.0,23391.48879142293
1781,extra_high,135.0,23428.98879142293
1782,extra_high,135.0,23466.48879142293
1783,extra_high,135.0,23503.98879142293
1784,extra_high,135.0,23541.48879142293
1785,extra_high,135.0,23578.98879142293
1786,extra_high,135.0,23616.48879142293
1787,extra_high,135.0,23653.98879142293
1788,extra_high,130.6451612903226,23690.88395271325
1789,extra_high,126.29032258064517,23726.569436584217
1790,extra_high,121.93548387096774,23761.04524303583
1791,extra_high,117.58064516129032,23794.31137206809
1792,extra_high,113.2258064516129,23826.36782368099
1793,extra_high,108.87096774193549,23857.21459787454
1794,extra_high,104.51612903225806,23886.851694648733
1795,extra_high,100.16129032258064,23915.27911400357
1796,extra_high,95.80645161290323,23942.496855939055
1797,extra_high,91.45161290322581,23968.504920455183
1798,extra_high,87.09677419354838,23993.303307551956
1799,extra_high,82.74193548387098,24016.892017229377
1800,extra_high,78.38709677419355,24039.27104948744
